area,bedrooms,bathrooms,location,property_type,age,parking,price
1794,3,4,Pune,Apartment,20,2,14772986.58
630,5,2,Kochi,Apartment,11,1,4973426.41
1715,4,1,Hyderabad,Villa,0,1,17634400.49
1582,2,4,Chennai,Independent House,15,2,15959014.84
1767,1,3,Madurai,Independent House,4,2,9744163.57
2863,2,2,Coimbatore,Apartment,8,1,19593285.64
1863,4,3,Bangalore,Villa,6,0,23368014.53
1521,2,4,Chennai,Villa,17,1,16788912.32
2481,4,2,Coimbatore,Villa,15,2,21496565.86
1576,2,1,Coimbatore,Independent House,12,0,11440068.15
1867,1,4,Chennai,Apartment,7,2,16163761.4
2836,3,1,Madurai,Independent House,9,2,16040174.23
2682,1,4,Tirunelveli,Apartment,11,1,9982326.16
2646,4,4,Kochi,Apartment,2,0,16794266.11
1985,3,1,Madurai,Apartment,4,1,9492649.06
1538,2,2,Salem,Independent House,12,2,7316286.82
1063,5,4,Pune,Apartment,3,1,10809125.22
1683,3,3,Trichy,Apartment,1,1,9216792.11
1295,4,4,Salem,Apartment,11,1,6422709.73
2737,1,1,Pune,Apartment,19,0,22045092.94
1209,3,1,Salem,Independent House,4,0,6437060.24
1636,1,2,Hyderabad,Apartment,19,1,11864261.37
2136,1,4,Pune,Villa,16,2,22912195.1
2259,1,1,Hyderabad,Independent House,18,1,20702673.56
2207,2,4,Coimbatore,Apartment,5,2,15625511.41
793,5,4,Chennai,Independent House,1,1,10235261.52
2691,1,1,Hyderabad,Independent House,5,0,23695844.32
1869,3,3,Trichy,Independent House,18,2,11815534.13
2459,2,4,Trichy,Apartment,0,2,13180423.35
2134,4,4,Pune,Independent House,15,0,20924679.24
2549,1,4,Trichy,Apartment,11,0,13097491.4
2182,3,4,Salem,Apartment,0,2,10928011.44
603,4,2,Chennai,Villa,2,1,7806899.1
1456,1,4,Coimbatore,Villa,0,0,12547669.8
1718,1,4,Bangalore,Independent House,0,2,18361364.47
1062,3,3,Hyderabad,Villa,1,0,11865699.63
1459,1,1,Chennai,Independent House,15,2,14215509.39
1569,5,2,Chennai,Villa,2,0,18929957.14
801,5,3,Bangalore,Apartment,2,0,8950271.51
627,2,1,Pune,Apartment,9,2,5341071.33
1846,2,4,Hyderabad,Villa,14,1,18485621.22
1284,1,1,Tirunelveli,Villa,10,1,5698739.08
2205,2,3,Pune,Apartment,17,0,17694024.43
535,5,4,Pune,Apartment,0,1,6631173.24
1666,4,2,Madurai,Independent House,1,2,9918984.13
1648,2,2,Tirunelveli,Independent House,16,1,7653410.22
1577,3,4,Hyderabad,Independent House,4,0,15098014.78
1719,5,4,Bangalore,Independent House,19,1,19617561.5
768,2,4,Madurai,Independent House,9,1,4898302.76
2474,2,1,Madurai,Villa,20,1,14034791.36
2431,5,1,Pune,Independent House,0,2,24931148.52
1396,5,3,Salem,Apartment,4,1,6697686.35
653,3,1,Pune,Independent House,13,0,6402367.56
1727,2,2,Trichy,Apartment,15,0,8396662.04
2257,5,3,Pune,Apartment,9,1,19661677.76
2989,1,4,Tirunelveli,Villa,4,0,14963890.29
2805,1,4,Trichy,Independent House,19,1,15507761.32
2136,4,3,Madurai,Independent House,0,0,13053441.47
1566,4,1,Kochi,Villa,12,2,12935175.56
589,5,2,Coimbatore,Independent House,9,1,5879095.61
1116,4,2,Coimbatore,Independent House,20,1,9225219.94
1175,2,1,Trichy,Apartment,8,2,6519899.76
2071,2,1,Chennai,Independent House,6,2,20815294.89
1372,1,1,Salem,Independent House,19,0,5595331.06
1198,3,1,Hyderabad,Apartment,3,0,10226783.18
1890,5,1,Trichy,Independent House,2,0,12476253.47
1992,4,1,Trichy,Independent House,15,0,12936293.29
1453,4,1,Salem,Villa,5,2,9542336.45
1916,2,3,Kochi,Villa,1,0,15080353.04
2356,4,1,Kochi,Apartment,6,0,14872104.51
2310,5,4,Trichy,Villa,6,2,17068990.01
1152,2,4,Madurai,Apartment,19,0,4848011.57
2934,5,4,Salem,Independent House,16,0,14988504.38
1184,5,1,Hyderabad,Villa,14,0,13238718.23
702,4,1,Hyderabad,Apartment,3,2,6534340.13
2049,1,1,Salem,Apartment,2,2,8957053.24
1535,2,4,Salem,Independent House,15,1,8876663.97
1871,4,2,Kochi,Villa,7,1,15449805.86
540,4,4,Coimbatore,Apartment,16,0,4877211.92
889,2,3,Madurai,Apartment,4,2,4762048.17
509,2,3,Salem,Villa,12,0,3228079.44
723,1,3,Chennai,Villa,20,1,7277079.41
1188,5,1,Salem,Villa,1,0,7537606.17
975,1,1,Pune,Villa,4,1,10422062.49
1213,2,3,Madurai,Apartment,16,0,5174689.79
1216,4,2,Madurai,Apartment,0,0,6900810.26
2642,2,2,Kochi,Villa,1,1,21384840.73
735,5,2,Chennai,Villa,16,2,10075181.43
1752,5,2,Pune,Independent House,1,2,18345554.84
1829,2,2,Coimbatore,Villa,14,2,15328355.68
2517,4,1,Madurai,Independent House,5,0,14047117.75
2628,5,1,Pune,Villa,3,1,30420062.82
1853,1,4,Kochi,Apartment,19,0,10786950.43
1260,3,2,Madurai,Independent House,15,0,7239559.66
1166,5,4,Madurai,Independent House,17,0,7206421.19
2780,4,2,Hyderabad,Apartment,13,1,21820563.58
2253,5,3,Chennai,Villa,8,1,26126384.5
606,5,1,Kochi,Villa,3,0,7160947.54
2390,5,4,Kochi,Apartment,14,2,15443974.15
2625,2,1,Tirunelveli,Independent House,13,2,10061539.42
1530,3,3,Kochi,Independent House,13,2,10841940.73
2406,1,3,Tirunelveli,Villa,4,1,12144821.23
1796,2,2,Pune,Apartment,11,0,15006711.37
566,1,1,Trichy,Villa,17,2,3837492.06
1993,2,3,Trichy,Independent House,7,0,11146368.49
1805,2,3,Bangalore,Villa,12,1,22367228.09
1812,5,2,Bangalore,Apartment,20,1,17104880.52
1660,3,3,Kochi,Independent House,7,0,11178674.79
505,2,4,Trichy,Independent House,10,2,3621326.83
1446,1,2,Kochi,Villa,14,2,11504525.61
1958,5,4,Kochi,Villa,4,1,17810881.0
1153,5,2,Chennai,Villa,10,2,13683697.94
2526,3,1,Trichy,Apartment,5,1,14437222.0
2560,2,4,Tirunelveli,Villa,0,2,12828330.35
2494,3,2,Bangalore,Apartment,16,0,23031572.94
2070,1,4,Salem,Villa,7,2,11571557.41
2817,4,2,Salem,Apartment,2,0,12521973.1
631,1,1,Tirunelveli,Villa,9,0,2612707.86
1115,3,1,Coimbatore,Independent House,5,0,9007384.19
1748,2,2,Salem,Apartment,20,2,8017618.66
697,3,3,Pune,Independent House,18,1,7294303.2
1754,3,4,Chennai,Villa,5,0,19886976.04
1450,1,2,Chennai,Apartment,3,1,12269120.51
1641,5,3,Tirunelveli,Apartment,14,0,8078071.53
2594,4,4,Kochi,Independent House,12,1,18959767.35
2334,3,1,Trichy,Villa,19,2,15341739.85
1211,2,2,Tirunelveli,Villa,10,1,6407745.42
2139,4,3,Salem,Apartment,11,0,11084735.79
2363,2,1,Kochi,Apartment,8,1,14108913.15
2967,1,1,Tirunelveli,Villa,18,2,13325419.28
1832,1,2,Bangalore,Independent House,19,0,18984823.24
974,2,3,Hyderabad,Villa,16,2,9111061.31
1163,1,3,Madurai,Villa,19,1,6314398.29
1992,1,3,Tirunelveli,Villa,16,0,9710503.81
841,4,3,Chennai,Villa,7,0,10015600.86
1451,3,2,Pune,Independent House,16,0,13417092.42
2565,1,2,Kochi,Independent House,18,2,18355961.36
2201,3,3,Chennai,Villa,3,0,25711396.3
554,3,4,Kochi,Apartment,9,1,4422716.62
554,4,4,Chennai,Independent House,17,2,6958767.03
812,3,4,Kochi,Apartment,7,1,6406480.3
1787,2,3,Madurai,Apartment,13,1,7601154.12
681,5,2,Trichy,Apartment,15,1,4684016.51
2420,5,4,Coimbatore,Villa,10,1,21404243.21
970,4,4,Coimbatore,Independent House,4,0,9490997.37
2390,4,2,Coimbatore,Apartment,11,0,14922061.16
2606,1,2,Tirunelveli,Villa,18,0,11959980.88
2281,3,2,Salem,Independent House,3,1,11091173.3
1304,3,2,Tirunelveli,Apartment,17,0,5040281.72
2200,1,2,Coimbatore,Apartment,11,2,14789578.81
841,5,3,Bangalore,Villa,5,2,13119966.72
954,2,1,Salem,Apartment,16,1,4698947.32
2099,2,4,Bangalore,Villa,10,0,25561683.38
648,3,4,Tirunelveli,Apartment,10,0,2955108.53
1833,2,3,Pune,Independent House,14,1,17566990.68
2262,4,3,Tirunelveli,Independent House,16,1,9897622.54
653,2,1,Coimbatore,Apartment,8,0,3940943.67
524,3,3,Kochi,Villa,17,0,3744741.66
601,2,4,Madurai,Villa,18,0,3246176.06
2299,5,1,Kochi,Independent House,4,1,17135899.89
1612,4,3,Hyderabad,Apartment,8,0,13426627.19
2317,5,2,Pune,Apartment,6,1,20425542.41
636,3,4,Bangalore,Independent House,7,1,8698528.39
901,3,2,Trichy,Independent House,6,0,5984223.86
2735,5,2,Kochi,Independent House,2,0,19090043.78
1872,1,1,Pune,Independent House,17,0,17626768.85
810,3,2,Tirunelveli,Villa,1,1,5736251.92
528,1,1,Pune,Villa,20,0,4758883.31
2924,2,2,Kochi,Independent House,6,0,19430535.55
2481,5,1,Coimbatore,Villa,15,0,21339520.71
2498,1,3,Bangalore,Villa,16,0,28626310.96
2608,5,3,Tirunelveli,Apartment,5,2,11630111.62
1825,3,2,Kochi,Independent House,12,1,13666238.96
725,1,2,Tirunelveli,Independent House,8,0,4042054.28
2411,5,1,Tirunelveli,Independent House,14,2,12014292.12
659,3,2,Chennai,Independent House,12,0,6543211.85
1079,5,2,Salem,Apartment,10,0,4923035.18
1420,2,4,Salem,Independent House,9,0,7118121.94
1918,3,2,Kochi,Apartment,14,1,12262350.42
953,5,4,Tirunelveli,Villa,15,0,5739698.1
1092,2,4,Bangalore,Apartment,12,1,11130814.04
2587,3,1,Kochi,Villa,12,0,20430702.53
2883,4,1,Hyderabad,Independent House,15,0,25468744.37
855,3,2,Bangalore,Villa,6,0,10802242.82
1554,2,2,Tirunelveli,Apartment,10,0,5649629.84
1088,5,4,Trichy,Villa,6,1,9718757.76
2564,2,4,Chennai,Apartment,12,2,21372930.72
1756,2,3,Pune,Villa,14,1,18740464.22
777,4,4,Bangalore,Apartment,3,1,9118951.31
521,2,4,Hyderabad,Apartment,17,1,4924099.54
1750,4,1,Trichy,Independent House,11,2,11680177.39
1953,2,1,Tirunelveli,Independent House,3,0,8546936.34
538,5,1,Madurai,Apartment,10,1,3309281.59
1488,5,3,Madurai,Apartment,15,0,8261572.76
2182,1,1,Trichy,Villa,2,2,15205114.27
2355,1,1,Coimbatore,Apartment,11,1,14733216.42
1484,1,1,Kochi,Villa,20,2,11644079.74
848,4,1,Pune,Independent House,2,1,8210972.51
2753,1,2,Salem,Villa,11,0,14539466.02
616,2,4,Hyderabad,Villa,7,2,6775732.45
773,2,2,Chennai,Apartment,14,2,7112212.4
2543,1,4,Salem,Apartment,10,1,11436488.67
2948,4,1,Madurai,Apartment,13,2,15367013.14
1213,2,4,Trichy,Apartment,0,1,7293048.46
2268,5,2,Chennai,Apartment,0,0,20081294.02
589,2,2,Coimbatore,Villa,14,1,4847971.46
927,1,4,Tirunelveli,Independent House,10,0,5203770.06
2383,4,2,Kochi,Villa,14,2,19601677.86
1607,4,2,Pune,Independent House,2,2,17677186.9
2634,4,1,Coimbatore,Villa,12,2,22906415.39
1249,4,1,Tirunelveli,Independent House,7,0,6630203.27
2489,2,3,Madurai,Villa,4,0,16230312.22
1254,3,1,Madurai,Villa,14,0,7622588.64
2477,5,4,Bangalore,Independent House,19,0,27135327.34
1455,2,1,Trichy,Villa,18,0,10009888.85
2882,2,4,Trichy,Villa,5,2,19811227.87
1894,2,2,Tirunelveli,Independent House,11,2,9211930.17
1293,4,4,Chennai,Independent House,9,1,14401840.68
2840,5,2,Coimbatore,Independent House,12,0,22227600.08
2508,4,2,Kochi,Independent House,6,1,18182262.83
2540,4,2,Chennai,Independent House,2,0,25278542.53
2834,3,2,Kochi,Apartment,2,1,17732017.28
2301,4,2,Tirunelveli,Apartment,8,0,10478475.14
1075,4,4,Chennai,Apartment,10,0,9377540.02
2852,1,4,Bangalore,Apartment,11,2,26066345.77
2881,2,1,Trichy,Villa,4,1,19574098.09
1558,5,1,Chennai,Independent House,4,0,15885888.23
2789,3,3,Tirunelveli,Apartment,1,0,11345045.88
1708,3,2,Coimbatore,Apartment,11,1,12064491.41
2533,5,1,Tirunelveli,Independent House,7,0,11461667.04
2018,2,1,Hyderabad,Apartment,10,1,15879585.57
2363,1,2,Chennai,Independent House,3,0,22612229.81
1810,5,4,Chennai,Independent House,4,0,19196467.73
1074,1,1,Coimbatore,Villa,8,0,8483922.07
988,3,4,Salem,Apartment,1,0,5902137.31
1350,5,3,Salem,Independent House,0,1,8575693.71
2124,5,3,Hyderabad,Independent House,0,1,21840642.53
804,1,3,Salem,Apartment,11,1,3132719.33
1461,1,3,Tirunelveli,Independent House,20,1,5060703.32
542,2,4,Trichy,Independent House,10,0,3975820.49
1514,5,4,Bangalore,Independent House,14,0,16686551.44
640,3,2,Trichy,Apartment,13,0,4483366.2
2192,4,3,Trichy,Apartment,7,1,13007658.78
2637,1,2,Chennai,Apartment,10,2,22046241.59
2706,1,2,Tirunelveli,Independent House,9,1,11602297.07
1885,3,1,Kochi,Apartment,20,1,11859320.21
1020,2,4,Salem,Villa,9,0,6718882.61
645,3,4,Coimbatore,Independent House,9,0,5530109.16
1080,1,3,Pune,Villa,11,1,12996426.09
2966,4,3,Hyderabad,Apartment,10,1,22993807.88
1600,5,1,Salem,Villa,1,2,11600139.62
1498,4,2,Tirunelveli,Villa,18,1,8382106.09
2835,5,2,Hyderabad,Villa,3,0,29788685.36
1207,5,1,Salem,Independent House,1,0,7105953.19
2235,2,3,Bangalore,Villa,11,0,26120872.38
1695,2,2,Coimbatore,Independent House,16,2,12530734.27
2321,4,4,Coimbatore,Independent House,11,1,17872798.81
1132,4,1,Tirunelveli,Villa,15,2,6652466.79
1129,5,4,Pune,Independent House,7,0,12566728.54
955,1,1,Hyderabad,Villa,15,1,9851000.03
980,2,1,Trichy,Villa,1,0,6298197.31
2189,4,2,Trichy,Villa,5,2,16225210.66
2690,4,1,Hyderabad,Independent House,19,1,22982755.77
1952,3,2,Hyderabad,Villa,9,1,20531741.36
1447,1,3,Hyderabad,Independent House,20,2,12940737.42
2311,2,4,Coimbatore,Villa,9,0,19452856.01
2800,1,4,Coimbatore,Apartment,13,0,18585103.77
2460,1,1,Trichy,Independent House,20,1,13764955.15
1463,1,3,Kochi,Apartment,3,0,9412428.84
2351,5,3,Trichy,Villa,1,2,17885679.21
2040,3,2,Madurai,Independent House,9,0,11493833.73
2630,1,3,Salem,Independent House,20,0,11793182.01
899,4,1,Madurai,Independent House,3,2,5895821.97
1319,4,4,Trichy,Apartment,5,2,7907405.0
2008,4,3,Coimbatore,Independent House,2,2,15588466.29
2544,5,2,Pune,Apartment,1,1,23806257.07
1241,5,2,Bangalore,Villa,6,0,15972646.88
1128,2,2,Bangalore,Independent House,3,1,12636830.5
1243,3,1,Trichy,Villa,19,0,8864290.16
2739,1,4,Chennai,Apartment,8,0,22581238.16
1071,5,1,Chennai,Villa,9,1,14046284.11
2747,1,3,Coimbatore,Independent House,16,2,19771657.54
1939,4,1,Kochi,Apartment,4,0,13039684.29
2168,4,1,Madurai,Apartment,7,1,11143684.81
935,3,3,Trichy,Independent House,18,2,6662839.58
1491,4,1,Tirunelveli,Villa,7,0,8637356.66
1462,1,4,Salem,Villa,3,1,9283529.68
1151,3,4,Tirunelveli,Apartment,1,1,5667170.02
1811,4,2,Bangalore,Independent House,10,1,20287260.42
2188,3,2,Pune,Apartment,17,1,18067614.92
2503,5,4,Trichy,Villa,18,1,17190576.36
1279,1,3,Pune,Apartment,17,0,10827642.51
2427,4,4,Bangalore,Villa,10,1,29801668.62
712,4,3,Coimbatore,Villa,17,2,7585950.01
587,4,1,Madurai,Independent House,10,0,4135601.59
522,5,2,Hyderabad,Independent House,6,2,7848136.56
1634,2,2,Salem,Apartment,15,0,7037266.05
1747,2,2,Trichy,Independent House,10,0,10575612.11
2849,3,3,Tirunelveli,Apartment,1,0,11899683.0
2781,2,2,Trichy,Villa,11,0,17244121.33
2278,3,1,Salem,Villa,3,2,14287151.93
726,2,1,Kochi,Villa,5,0,5971411.91
2952,2,2,Hyderabad,Independent House,13,0,25535441.28
1025,3,4,Pune,Apartment,4,1,8871860.25
661,2,3,Pune,Villa,18,0,6659158.58
1599,2,2,Kochi,Apartment,20,2,9647092.19
931,5,4,Trichy,Independent House,16,2,6705545.57
975,3,3,Chennai,Independent House,10,0,9403938.64
660,1,2,Hyderabad,Apartment,3,2,5585757.95
1101,5,1,Pune,Apartment,19,0,9138380.38
2294,5,3,Tirunelveli,Villa,16,1,12097031.57
2400,3,1,Chennai,Independent House,18,1,23029219.5
1421,3,1,Madurai,Villa,4,0,9764777.88
2125,4,2,Trichy,Villa,6,2,15442957.24
1140,1,4,Coimbatore,Independent House,5,0,9184189.24
2119,1,4,Salem,Independent House,20,1,9320311.32
2961,4,3,Kochi,Villa,2,2,24680165.55
2141,1,1,Hyderabad,Independent House,5,0,19249130.25
2797,3,1,Trichy,Independent House,20,1,15213006.26
1671,5,2,Coimbatore,Independent House,11,1,13145574.63
2861,5,2,Salem,Apartment,4,2,12968176.01
870,1,1,Chennai,Independent House,11,0,8294454.92
1128,4,3,Salem,Apartment,9,0,5868684.6
1072,2,4,Chennai,Apartment,10,0,9957518.67
676,1,2,Pune,Villa,5,1,7167210.49
2037,1,2,Bangalore,Apartment,9,1,17122324.76
1087,4,3,Madurai,Apartment,9,2,5968517.91
2930,4,2,Trichy,Villa,19,1,19299954.0
2626,4,4,Kochi,Apartment,13,2,16755136.43
946,2,1,Tirunelveli,Apartment,2,0,4374991.54
1273,4,3,Tirunelveli,Independent House,17,2,6476855.21
2711,5,1,Kochi,Apartment,7,2,16640211.01
2467,2,2,Salem,Independent House,19,1,11225777.58
758,3,2,Madurai,Apartment,10,1,4725980.41
1514,5,4,Chennai,Apartment,15,2,14315149.23
2047,3,2,Hyderabad,Independent House,15,0,18212024.24
1169,5,2,Pune,Apartment,3,1,11413843.41
2743,1,4,Madurai,Apartment,1,1,12907315.11
764,4,2,Bangalore,Independent House,17,1,8266628.72
1887,4,1,Coimbatore,Independent House,20,1,14758754.28
1087,4,2,Hyderabad,Independent House,15,0,10126198.59
2854,2,2,Coimbatore,Apartment,10,0,19200723.31
2820,5,4,Pune,Villa,10,1,31923575.22
2819,2,2,Trichy,Apartment,2,2,15021822.3
2748,4,4,Pune,Villa,0,2,31972088.65
2444,5,3,Trichy,Villa,20,0,16289150.16
2519,4,1,Trichy,Villa,6,0,17892125.73
1145,3,3,Coimbatore,Independent House,1,1,10460374.92
1000,3,3,Hyderabad,Villa,13,2,10847335.91
653,1,3,Kochi,Villa,13,2,5310798.36
1798,1,4,Madurai,Villa,19,0,10897631.38
897,5,1,Madurai,Independent House,3,0,6103597.28
2636,3,1,Salem,Apartment,2,0,12150855.3
567,4,4,Trichy,Independent House,1,0,4808171.89
2155,5,2,Hyderabad,Apartment,16,1,16772744.45
2290,5,1,Coimbatore,Apartment,15,0,15079070.79
2544,1,1,Madurai,Apartment,8,2,12024641.59
2721,1,3,Kochi,Villa,19,0,21776972.18
2073,4,1,Hyderabad,Apartment,18,2,16025701.01
1078,4,2,Hyderabad,Apartment,1,2,9911780.79
2292,1,2,Pune,Apartment,16,0,18059315.45
861,1,1,Kochi,Independent House,12,0,5601359.1
1814,5,4,Madurai,Villa,16,0,12881407.62
1659,3,4,Chennai,Villa,0,1,19609829.0
2468,2,3,Pune,Apartment,8,0,20350411.11
682,1,3,Chennai,Apartment,12,2,6301056.52
1856,5,1,Madurai,Independent House,7,2,11745474.63
2992,1,1,Bangalore,Apartment,6,1,27087260.84
1358,5,3,Bangalore,Apartment,16,2,13383502.42
919,2,1,Trichy,Villa,18,2,6266654.89
831,2,3,Kochi,Apartment,14,0,5295677.34
2997,3,3,Salem,Villa,12,1,17105175.32
2063,3,4,Coimbatore,Independent House,5,2,16718891.04
2843,2,1,Madurai,Villa,8,1,18059869.59
2356,5,3,Madurai,Independent House,4,0,13919727.06
1931,1,2,Salem,Independent House,20,1,8957874.76
874,1,1,Coimbatore,Independent House,5,1,5972283.12
1679,4,3,Madurai,Independent House,8,2,10588815.41
2541,3,1,Pune,Independent House,3,0,25402954.75
2968,1,1,Bangalore,Independent House,14,2,32204877.58
2511,3,3,Tirunelveli,Villa,14,2,13074692.56
1075,5,4,Chennai,Villa,1,1,14777921.1
2148,5,2,Chennai,Independent House,4,1,21966366.28
1678,3,4,Trichy,Villa,9,2,12185077.37
2350,5,3,Coimbatore,Villa,20,1,20634557.05
623,5,3,Bangalore,Villa,5,1,9603673.74
1296,5,3,Salem,Apartment,14,1,5828966.74
2852,5,2,Hyderabad,Apartment,12,1,22374661.49
2890,3,3,Bangalore,Independent House,9,1,30667608.12
882,4,1,Chennai,Apartment,11,2,7833776.2
2127,5,3,Pune,Independent House,12,2,21334554.09
2651,1,4,Chennai,Independent House,18,0,24976472.07
1807,5,1,Pune,Apartment,4,1,16313569.83
2942,4,1,Hyderabad,Apartment,16,0,23290146.59
1382,3,2,Tirunelveli,Villa,15,1,6296243.77
1739,3,3,Hyderabad,Independent House,18,1,16562313.25
2472,3,2,Chennai,Independent House,18,2,23809029.26
2363,4,1,Madurai,Independent House,16,0,13606984.82
1339,3,3,Chennai,Apartment,5,2,12442678.36
521,5,2,Pune,Villa,10,2,5965935.68
2333,5,4,Hyderabad,Villa,11,1,25953819.83
518,2,4,Salem,Villa,16,2,3073270.0
1588,4,1,Pune,Independent House,4,0,16205011.6
1301,4,2,Madurai,Villa,5,2,9568469.36
1409,4,1,Madurai,Independent House,12,1,8464381.59
661,2,4,Chennai,Independent House,15,1,7186181.47
1997,5,4,Coimbatore,Villa,14,2,18050858.83
1473,3,2,Kochi,Independent House,6,0,10474655.95
2193,5,1,Pune,Apartment,20,2,19293629.3
2884,2,2,Hyderabad,Independent House,3,1,25695079.8
2959,4,1,Trichy,Villa,14,1,19512573.15
1535,2,2,Pune,Villa,1,2,17612412.91
1964,1,2,Salem,Apartment,17,1,7640252.64
2937,5,4,Coimbatore,Apartment,10,0,20180695.34
636,3,2,Chennai,Independent House,11,1,6707042.72
2495,3,1,Chennai,Villa,16,1,27199835.83
2448,1,4,Pune,Villa,9,2,26883561.84
1022,1,4,Bangalore,Apartment,14,0,8989798.01
2246,4,1,Salem,Apartment,9,0,10200262.51
2019,2,4,Salem,Independent House,13,2,10203504.61
1536,2,1,Salem,Independent House,12,2,7140835.06
1451,1,4,Hyderabad,Independent House,12,2,14048694.41
2251,4,2,Coimbatore,Apartment,2,1,15086594.05
1961,1,4,Kochi,Villa,20,2,15864741.48
2596,2,1,Madurai,Apartment,11,2,11319340.45
897,2,3,Hyderabad,Apartment,2,2,7445142.2
1383,5,3,Hyderabad,Apartment,3,1,13488903.98
2651,4,2,Trichy,Independent House,11,2,16521475.94
2205,3,3,Hyderabad,Apartment,8,1,17787772.58
532,2,3,Bangalore,Apartment,19,0,4244112.28
806,1,4,Bangalore,Apartment,10,0,6877811.27
1143,3,1,Hyderabad,Independent House,8,0,11197524.18
2959,5,3,Coimbatore,Villa,11,1,26260019.41
2347,4,2,Pune,Apartment,10,2,20223413.35
2052,3,2,Hyderabad,Apartment,11,2,16717207.3
2814,5,1,Tirunelveli,Independent House,7,2,12877869.95
715,4,1,Chennai,Apartment,14,2,6481576.24
2552,4,4,Chennai,Villa,8,2,29028439.0
2196,2,2,Kochi,Villa,1,2,18293389.31
2993,2,2,Bangalore,Villa,9,1,35659171.5
2041,5,4,Madurai,Villa,11,0,13740227.79
2819,4,3,Hyderabad,Apartment,15,2,22959626.63
1855,3,1,Tirunelveli,Villa,17,2,8948571.82
1913,4,4,Coimbatore,Villa,18,0,16551176.67
1118,3,1,Coimbatore,Apartment,15,1,7397282.9
2519,1,3,Tirunelveli,Villa,6,0,12574832.93
2377,5,2,Trichy,Villa,11,0,17152716.54
2718,5,4,Tirunelveli,Independent House,9,1,13538281.32
848,3,4,Pune,Independent House,12,0,8754949.92
1166,2,3,Kochi,Independent House,0,0,8727994.1
1479,4,1,Pune,Apartment,2,2,13480160.05
1184,4,1,Chennai,Villa,19,0,13281385.83
2661,1,2,Coimbatore,Apartment,12,2,16201164.5
2413,1,1,Salem,Apartment,1,0,10188937.79
2103,5,4,Salem,Apartment,10,2,9404929.56
1632,4,3,Madurai,Independent House,14,2,9387277.05
1051,5,1,Pune,Villa,13,2,12446584.29
720,1,4,Trichy,Apartment,18,2,2028285.05
2413,3,1,Salem,Independent House,0,2,12349568.5
789,1,1,Trichy,Independent House,20,2,4695573.2
753,5,2,Bangalore,Independent House,8,0,9078639.26
2173,5,1,Hyderabad,Apartment,19,2,17590429.95
2338,4,4,Madurai,Villa,11,1,15838270.16
2432,2,2,Salem,Apartment,4,0,11218515.51
995,3,3,Madurai,Villa,3,2,7993432.61
2491,1,4,Hyderabad,Apartment,9,1,19230586.97
753,1,1,Coimbatore,Independent House,10,1,4392648.11
652,3,1,Trichy,Independent House,4,1,4657111.67
1714,1,3,Chennai,Apartment,3,0,15024371.03
1506,2,3,Hyderabad,Apartment,16,1,12368666.23
2620,5,2,Salem,Apartment,5,0,12380750.62
1997,4,4,Pune,Apartment,3,1,18315168.25
542,4,3,Chennai,Independent House,7,1,5899793.13
1492,1,4,Madurai,Villa,18,0,8549685.4
2830,5,4,Chennai,Apartment,2,2,24624804.16
951,4,3,Tirunelveli,Apartment,1,1,4983663.46
1339,3,2,Madurai,Apartment,15,2,6490861.43
2878,5,3,Chennai,Villa,11,0,32197034.23
1016,1,4,Hyderabad,Apartment,13,0,7754499.27
2744,3,2,Madurai,Villa,14,2,16108721.02
1664,4,2,Trichy,Apartment,6,2,9768719.5
1259,4,1,Hyderabad,Apartment,17,2,10151162.68
1068,2,2,Tirunelveli,Apartment,9,0,4351348.07
1991,1,1,Salem,Apartment,16,2,7443886.63
2645,1,3,Madurai,Villa,15,1,16077473.17
2462,3,1,Hyderabad,Villa,14,1,24426612.61
1449,4,4,Trichy,Independent House,18,2,8863641.88
1657,3,2,Coimbatore,Villa,8,0,15025696.21
1966,4,3,Hyderabad,Apartment,1,0,17717566.37
1059,5,3,Hyderabad,Independent House,3,1,11012771.44
783,1,1,Salem,Apartment,12,2,3057590.9
2593,2,4,Chennai,Villa,5,1,27857512.38
869,3,2,Chennai,Villa,17,2,10040740.89
2926,1,3,Trichy,Apartment,18,0,14482628.05
2717,2,4,Salem,Apartment,12,2,11950962.06
1523,1,1,Trichy,Independent House,13,0,8322473.6
560,2,3,Coimbatore,Independent House,0,2,4635324.55
1861,3,4,Pune,Villa,12,1,21533824.56
1369,1,3,Madurai,Villa,13,2,8201845.28
794,1,4,Hyderabad,Independent House,0,1,8870114.46
2373,3,1,Bangalore,Apartment,1,0,22522071.31
1179,4,2,Hyderabad,Villa,10,0,13472338.94
562,3,2,Coimbatore,Villa,12,1,5167586.69
1322,3,2,Hyderabad,Independent House,5,1,12839841.5
2137,5,4,Salem,Apartment,4,0,10826202.2
2850,4,3,Pune,Independent House,2,0,27810820.11
2859,2,3,Chennai,Independent House,20,0,27213569.97
1834,5,4,Salem,Apartment,13,1,8744298.44
813,1,1,Chennai,Villa,20,0,8378328.37
1161,1,2,Madurai,Independent House,4,1,5513042.06
2623,3,2,Pune,Apartment,8,0,20885484.8
2147,5,1,Trichy,Independent House,7,0,13183947.64
1145,4,2,Coimbatore,Apartment,0,1,8672990.18
614,4,2,Tirunelveli,Independent House,8,1,4134443.06
646,4,4,Pune,Independent House,7,2,6868936.39
2742,2,4,Chennai,Independent House,14,1,26938147.03
1445,2,3,Chennai,Apartment,12,1,12075076.79
1331,5,1,Chennai,Apartment,6,1,12259414.23
1792,5,2,Chennai,Independent House,16,2,18091599.0
2276,1,3,Bangalore,Apartment,2,2,20609704.29
2963,2,4,Bangalore,Independent House,15,0,31642258.51
1004,1,3,Kochi,Apartment,11,2,6810088.96
1722,5,3,Hyderabad,Apartment,18,1,14115799.21
1041,1,4,Bangalore,Villa,17,2,11239841.89
2732,4,3,Coimbatore,Villa,19,0,23266782.07
1031,5,3,Hyderabad,Independent House,9,0,10973211.06
502,3,3,Madurai,Independent House,3,2,3981569.17
1779,1,1,Coimbatore,Villa,1,0,15025055.11
1571,1,4,Kochi,Independent House,7,0,11899700.95
1734,4,1,Pune,Villa,6,0,19831343.99
2948,3,1,Hyderabad,Apartment,3,1,24484512.53
2814,3,1,Tirunelveli,Villa,7,0,14634484.8
1149,4,3,Coimbatore,Villa,14,0,10125164.14
1290,2,2,Madurai,Villa,16,1,7926712.44
738,3,2,Hyderabad,Apartment,2,1,6925682.43
1422,4,3,Bangalore,Villa,9,2,17691785.97
1730,4,4,Bangalore,Independent House,5,1,19328287.84
1593,5,1,Kochi,Apartment,2,2,11786417.49
1189,1,4,Bangalore,Villa,13,2,15359613.25
729,2,2,Pune,Apartment,7,2,6706798.59
1392,3,4,Chennai,Villa,11,2,17377489.9
1511,3,3,Chennai,Independent House,20,2,14119313.37
2546,4,4,Hyderabad,Independent House,20,2,23668229.44
2754,3,2,Trichy,Independent House,2,2,17414224.56
2685,3,1,Bangalore,Apartment,3,0,25738031.49
1072,3,1,Coimbatore,Villa,19,2,9569224.11
2145,2,3,Pune,Independent House,4,2,21500929.01
2238,3,1,Salem,Villa,17,2,12745685.74
2245,3,1,Pune,Villa,11,0,24368573.96
1705,2,2,Salem,Apartment,18,0,6662071.55
2178,4,2,Pune,Apartment,17,2,18810485.99
1635,1,3,Coimbatore,Villa,10,2,13942208.73
1031,3,4,Kochi,Villa,12,0,9602841.26
2110,4,4,Coimbatore,Villa,10,1,19250787.28
795,2,2,Trichy,Apartment,16,2,4401221.28
1454,3,1,Pune,Apartment,8,2,13026989.41
1757,1,3,Madurai,Apartment,7,2,8248285.18
1424,3,2,Pune,Apartment,10,1,12236166.71
2911,2,2,Coimbatore,Independent House,19,1,20902118.13
2540,4,4,Trichy,Independent House,7,2,16214012.25
1361,4,2,Kochi,Apartment,6,0,8484709.97
1861,2,3,Trichy,Apartment,10,1,9360393.99
1789,3,4,Bangalore,Villa,15,1,21955931.28
1962,2,1,Tirunelveli,Apartment,1,0,8281123.65
1612,2,3,Hyderabad,Apartment,11,0,12624739.42
2940,4,2,Pune,Independent House,20,1,28479045.11
1734,4,3,Salem,Independent House,2,1,10160345.59
2432,5,1,Salem,Villa,16,0,13555087.46
2112,1,4,Hyderabad,Independent House,13,2,19294763.8
2195,3,2,Kochi,Apartment,5,0,13750030.61
1760,2,4,Madurai,Independent House,5,2,9878068.6
886,3,4,Madurai,Villa,16,2,6463370.71
807,1,3,Bangalore,Villa,8,2,10361203.65
2935,5,1,Pune,Independent House,9,1,28680620.76
836,4,1,Chennai,Apartment,0,2,8003455.23
2254,5,3,Kochi,Villa,13,2,18627703.02
1280,5,1,Tirunelveli,Independent House,15,2,5190447.58
1370,5,4,Chennai,Villa,17,0,15801234.91
1694,5,2,Coimbatore,Apartment,20,2,11063146.01
1064,4,2,Salem,Villa,0,0,7878710.98
2217,1,4,Trichy,Apartment,2,2,11197583.97
1516,1,4,Chennai,Apartment,7,2,12878851.32
1382,3,3,Chennai,Independent House,10,2,13715351.86
923,2,2,Bangalore,Apartment,4,0,9385960.92
2235,1,1,Madurai,Villa,2,2,13692401.35
1586,3,3,Madurai,Villa,16,1,10091005.91
1551,2,2,Madurai,Villa,4,2,9146225.88
2605,5,4,Chennai,Independent House,16,0,25807003.81
2017,3,2,Trichy,Independent House,2,1,12807476.01
709,1,3,Chennai,Villa,11,1,7456095.77
1422,1,3,Trichy,Villa,15,2,9453174.72
1596,2,4,Tirunelveli,Villa,7,1,7208712.01
651,5,3,Madurai,Independent House,15,0,4274466.74
2898,2,4,Coimbatore,Independent House,11,2,22847191.6
2211,1,2,Trichy,Independent House,1,1,13406290.4
1127,5,2,Trichy,Apartment,0,1,7786868.21
1447,1,1,Tirunelveli,Villa,4,1,7088301.97
1029,5,4,Pune,Independent House,2,1,12357716.2
691,3,4,Kochi,Independent House,17,1,5744560.62
2216,5,4,Bangalore,Villa,12,1,28260383.49
2094,2,1,Bangalore,Apartment,7,2,19657670.97
1390,5,1,Pune,Villa,8,2,17562082.95
2219,2,3,Tirunelveli,Apartment,19,0,7881597.23
2658,1,1,Kochi,Apartment,9,1,16593143.83
1858,1,2,Tirunelveli,Apartment,5,2,6595218.22
2537,2,1,Chennai,Apartment,16,1,19901140.91
928,3,2,Chennai,Villa,13,2,10861541.62
1768,3,4,Chennai,Independent House,5,0,17365851.44
906,1,2,Hyderabad,Villa,14,0,8333391.43
1911,1,1,Coimbatore,Villa,13,1,15109854.54
518,3,3,Pune,Independent House,11,2,5866943.89
2669,4,4,Trichy,Independent House,16,2,16258139.28
2902,4,1,Coimbatore,Apartment,5,1,18601916.61
2243,4,4,Trichy,Independent House,3,0,14815731.22
1717,3,2,Tirunelveli,Apartment,7,2,7407973.93
602,2,1,Kochi,Independent House,15,2,4151989.72
1157,2,1,Tirunelveli,Villa,20,0,4506641.05
2897,2,1,Pune,Apartment,13,0,22507779.22
787,2,2,Pune,Villa,14,1,7701559.07
2923,3,3,Trichy,Villa,2,1,20636298.97
1975,1,1,Chennai,Independent House,18,0,18015046.29
1716,4,2,Madurai,Villa,15,2,11424559.13
1916,4,4,Tirunelveli,Independent House,13,0,8370010.7
1213,3,1,Salem,Independent House,14,0,5739729.18
529,1,4,Trichy,Independent House,1,0,3114459.46
1516,2,2,Tirunelveli,Villa,8,0,8735420.45
2301,3,3,Madurai,Villa,10,0,14379018.96
1309,2,2,Coimbatore,Apartment,10,0,8393064.29
982,5,3,Madurai,Villa,15,1,7089012.75
2423,2,2,Tirunelveli,Apartment,14,2,9645367.27
2402,4,4,Kochi,Independent House,12,1,17420176.26
1019,5,2,Chennai,Apartment,15,1,9120406.26
2947,2,3,Bangalore,Villa,12,0,34098816.42
1959,3,1,Trichy,Independent House,9,0,11503866.91
784,4,1,Bangalore,Independent House,5,2,9032218.67
1449,4,2,Coimbatore,Apartment,12,2,9352785.6
1329,5,4,Pune,Villa,19,2,15248261.49
2786,1,4,Madurai,Villa,8,1,16701882.38
1415,3,1,Coimbatore,Apartment,3,0,9937448.41
989,3,1,Trichy,Independent House,20,0,4210844.95
1704,2,3,Madurai,Independent House,19,1,8130164.01
2970,5,3,Chennai,Villa,10,0,32766854.68
2551,2,3,Pune,Apartment,17,2,20630002.2
1704,2,3,Chennai,Independent House,1,1,15518041.14
2957,3,4,Kochi,Independent House,17,2,20367582.82
1307,1,1,Tirunelveli,Villa,8,1,6139771.96
920,5,2,Tirunelveli,Independent House,19,1,4758215.68
1087,2,1,Coimbatore,Apartment,9,0,6090666.85
559,2,1,Coimbatore,Independent House,18,1,4496176.99
1026,4,1,Coimbatore,Apartment,19,0,6236338.67
2392,2,4,Pune,Apartment,13,1,19938799.13
535,5,4,Kochi,Villa,13,2,6599635.08
1619,1,1,Trichy,Apartment,3,1,7644672.24
2278,4,4,Bangalore,Apartment,16,0,21755567.24
2864,4,1,Pune,Villa,8,1,31638642.96
1115,3,2,Trichy,Independent House,14,2,7475382.27
1878,1,4,Chennai,Apartment,18,1,15324228.75
2798,4,3,Kochi,Apartment,4,0,17668072.57
2485,5,1,Hyderabad,Independent House,7,2,23020646.12
1065,3,1,Pune,Independent House,15,2,10464269.23
2486,1,3,Trichy,Villa,20,2,15871861.66
507,5,4,Trichy,Villa,18,0,3819155.66
1998,4,4,Madurai,Independent House,19,0,11707557.71
670,5,1,Madurai,Villa,19,2,4777199.55
1566,3,4,Bangalore,Apartment,19,1,13840706.01
1423,1,4,Pune,Independent House,18,2,13582999.58
2986,3,2,Madurai,Independent House,9,2,16565349.24
1441,4,2,Madurai,Villa,16,1,9848099.46
1755,3,4,Chennai,Independent House,14,2,17238246.34
2393,4,3,Salem,Villa,18,0,14656148.69
1099,1,1,Bangalore,Villa,19,1,12651716.83
2157,3,4,Pune,Villa,8,2,24496453.98
1246,1,2,Pune,Villa,18,0,12105031.97
1219,4,1,Chennai,Independent House,12,2,12458456.9
1446,2,3,Kochi,Apartment,14,0,9805516.31
2764,2,3,Hyderabad,Independent House,16,1,24329142.2
829,2,1,Chennai,Apartment,6,0,6745603.42
1143,3,2,Coimbatore,Apartment,3,0,7999121.69
956,5,3,Pune,Villa,7,0,11718896.38
2334,3,4,Trichy,Independent House,13,0,13749826.62
1058,3,3,Coimbatore,Apartment,3,0,8118194.62
1801,3,2,Trichy,Villa,11,1,13308991.55
1192,5,1,Trichy,Villa,12,1,9383507.69
2580,2,1,Bangalore,Villa,11,1,29309876.96
1769,5,4,Pune,Apartment,0,2,16541427.72
671,2,3,Trichy,Independent House,6,2,4377219.84
1944,2,1,Coimbatore,Villa,11,2,16309038.66
1621,5,4,Coimbatore,Apartment,1,2,11780760.83
2090,3,4,Hyderabad,Villa,13,2,21478027.69
764,2,1,Pune,Apartment,4,2,7191063.25
979,3,2,Bangalore,Villa,6,1,12698545.59
1277,4,1,Madurai,Independent House,14,2,7183491.76
1088,5,3,Hyderabad,Independent House,2,2,11870984.67
950,5,4,Madurai,Apartment,15,0,4928805.24
2881,5,1,Madurai,Apartment,6,2,14818682.77
2520,4,1,Hyderabad,Apartment,9,2,20640163.02
805,4,1,Kochi,Apartment,16,1,5751745.29
2718,5,3,Trichy,Apartment,17,1,15212237.83
1842,1,4,Coimbatore,Independent House,18,2,13339959.32
1313,1,2,Trichy,Apartment,15,2,7274446.32
2499,5,1,Tirunelveli,Villa,4,0,13649385.85
2538,5,2,Coimbatore,Villa,14,2,22212350.89
2284,3,3,Coimbatore,Independent House,2,2,18466437.45
1951,1,1,Hyderabad,Apartment,18,2,14501003.27
2373,4,3,Pune,Villa,0,2,27012599.63
2957,3,2,Chennai,Apartment,2,1,25170953.49
918,4,1,Pune,Villa,13,2,10545648.98
1418,5,3,Pune,Independent House,17,2,14116730.02
812,3,1,Chennai,Apartment,11,1,7085456.38
1870,1,1,Trichy,Independent House,12,0,9637574.92
795,5,1,Bangalore,Villa,16,2,10961174.69
2485,1,2,Chennai,Apartment,17,0,19747818.61
2796,5,2,Hyderabad,Independent House,5,0,26040879.1
1878,1,4,Madurai,Independent House,18,1,9677974.29
2891,5,3,Chennai,Apartment,0,0,25835204.5
2438,3,1,Coimbatore,Apartment,15,1,15851805.15
2164,2,3,Madurai,Apartment,0,1,11146710.9
844,5,1,Coimbatore,Villa,5,0,8448607.53
2387,1,4,Tirunelveli,Villa,10,2,12409152.68
1455,4,1,Salem,Villa,8,2,9530257.97
1691,1,1,Trichy,Independent House,8,1,10950336.88
1437,5,2,Coimbatore,Independent House,8,2,11511342.89
1640,3,3,Salem,Villa,4,0,9222983.36
2855,2,2,Kochi,Apartment,6,2,16972444.7
678,5,3,Bangalore,Independent House,17,2,8703283.23
1231,2,3,Tirunelveli,Independent House,5,2,5835605.24
1093,3,2,Tirunelveli,Independent House,19,0,4561835.36
1890,1,4,Madurai,Villa,14,0,10607470.04
2730,1,3,Pune,Independent House,5,2,26101386.83
2255,4,3,Madurai,Villa,9,0,14983317.64
1017,2,3,Pune,Independent House,5,0,10196191.35
1807,3,3,Kochi,Independent House,5,0,13345665.82
1187,5,2,Madurai,Villa,6,1,9497631.2
2144,1,1,Pune,Apartment,7,1,17214237.4
878,3,2,Trichy,Independent House,12,2,5816151.44
671,1,3,Hyderabad,Independent House,10,1,7208880.61
1189,4,1,Bangalore,Apartment,8,2,11420903.65
871,3,4,Bangalore,Independent House,13,2,11369734.3
2373,2,2,Chennai,Independent House,13,1,23039580.98
886,5,1,Kochi,Independent House,1,0,8526873.37
1524,2,2,Trichy,Apartment,14,1,7984304.63
2000,5,1,Hyderabad,Independent House,5,1,18253702.19
2857,2,1,Kochi,Independent House,4,1,20012424.66
1256,3,1,Trichy,Apartment,15,1,7163145.66
1438,1,4,Tirunelveli,Apartment,1,0,6636655.37
2872,5,4,Chennai,Independent House,15,2,28933226.35
2011,1,1,Salem,Apartment,9,0,8209017.1
1962,5,2,Hyderabad,Villa,13,0,20534463.67
1394,1,1,Coimbatore,Independent House,3,0,9827781.21
1628,4,4,Chennai,Villa,5,1,18543021.29
2405,2,4,Coimbatore,Independent House,16,0,17837384.97
670,5,2,Chennai,Apartment,16,2,6216554.43
998,2,2,Coimbatore,Independent House,3,2,8030397.0
969,2,1,Pune,Villa,3,1,11616397.55
2910,5,1,Chennai,Villa,13,0,32274651.37
1339,1,2,Trichy,Independent House,16,0,7115797.08
582,1,3,Kochi,Independent House,2,1,5237910.73
2022,1,2,Trichy,Villa,1,0,13575888.44
621,1,2,Coimbatore,Independent House,13,2,4903829.93
2410,3,1,Hyderabad,Independent House,11,1,21616699.03
2416,1,4,Madurai,Villa,20,0,14858514.09
564,4,2,Hyderabad,Villa,10,0,6824618.91
1034,4,1,Salem,Independent House,6,2,6084065.01
1533,2,1,Madurai,Villa,16,0,9693020.05
628,5,2,Hyderabad,Villa,5,2,7888210.8
1933,5,3,Pune,Independent House,14,2,18776841.77
1047,5,3,Tirunelveli,Apartment,4,0,6165711.64
1857,5,2,Pune,Villa,2,2,22031455.1
2960,2,1,Madurai,Independent House,8,0,16311445.55
2817,4,4,Pune,Apartment,5,2,24808154.05
725,4,1,Tirunelveli,Independent House,16,0,3326838.43
2483,4,4,Tirunelveli,Independent House,15,0,11132225.5
2734,2,2,Chennai,Villa,1,2,30802051.53
1485,1,3,Hyderabad,Independent House,9,0,12855709.09
540,5,4,Bangalore,Independent House,7,1,7448413.92
1875,1,4,Bangalore,Apartment,8,0,17242981.12
2915,2,3,Chennai,Apartment,20,0,22795784.29
1412,2,2,Tirunelveli,Apartment,15,0,5009528.77
2620,1,1,Coimbatore,Apartment,3,1,18244988.64
654,4,1,Salem,Apartment,18,1,3231047.22
1228,2,2,Trichy,Villa,13,0,7939239.14
1286,1,4,Coimbatore,Apartment,0,0,7551853.11
1142,3,1,Kochi,Independent House,2,0,7943428.4
2353,1,1,Trichy,Apartment,9,1,12271912.71
986,4,2,Tirunelveli,Apartment,15,2,4648141.73
698,1,2,Tirunelveli,Villa,12,2,4337253.44
2037,4,2,Madurai,Apartment,16,1,10894251.66
2829,5,4,Kochi,Villa,15,1,23511662.37
2634,5,3,Tirunelveli,Apartment,16,1,10941000.79
1398,4,4,Trichy,Independent House,1,1,9768878.11
2032,5,4,Madurai,Villa,3,1,13769387.77
979,3,2,Kochi,Independent House,19,2,7616681.49
2904,3,1,Bangalore,Independent House,10,2,30314810.59
1532,3,1,Pune,Apartment,5,0,13083409.58
1672,1,3,Tirunelveli,Apartment,5,1,6253384.13
2329,4,3,Pune,Villa,13,1,26899590.34
1133,1,1,Salem,Villa,2,1,6511248.3
1920,2,2,Pune,Villa,20,1,20903049.59
2744,3,2,Salem,Villa,11,0,14875003.46
1525,2,3,Madurai,Independent House,20,1,8356096.49
1373,4,1,Bangalore,Apartment,13,1,13533730.73
2763,1,1,Coimbatore,Villa,5,1,23327590.23
2079,4,2,Hyderabad,Apartment,5,0,16855469.83
1771,5,1,Madurai,Villa,6,0,12199849.83
1255,4,4,Coimbatore,Apartment,9,2,9815396.75
524,3,3,Tirunelveli,Villa,1,0,3874609.06
842,5,3,Trichy,Villa,6,0,7322853.11
1095,3,3,Chennai,Apartment,17,0,9717584.0
2635,5,2,Hyderabad,Villa,11,0,27938783.29
1684,5,4,Coimbatore,Villa,3,1,16293648.26
1240,3,2,Madurai,Villa,15,0,7752918.44
556,5,2,Salem,Villa,12,2,4316889.45
1773,4,2,Madurai,Villa,10,1,12487071.83
1496,2,2,Coimbatore,Independent House,11,2,10654581.08
1711,1,4,Kochi,Villa,14,0,12586471.57
1692,5,2,Trichy,Apartment,17,2,9608517.07
2298,4,4,Tirunelveli,Independent House,2,2,11176649.49
1399,3,4,Hyderabad,Apartment,4,2,12392151.05
2784,1,3,Bangalore,Apartment,6,0,25360981.28
1373,1,4,Trichy,Independent House,11,1,8152486.24
2255,1,4,Bangalore,Apartment,4,1,21769440.17
1377,2,1,Madurai,Apartment,6,1,7495349.26
1565,4,1,Tirunelveli,Villa,0,2,9848043.21
2206,1,3,Madurai,Villa,5,2,14200225.22
681,3,2,Bangalore,Apartment,11,1,7485079.34
1072,5,2,Madurai,Apartment,10,2,6077427.57
725,1,2,Salem,Independent House,3,0,3352082.46
1365,2,1,Tirunelveli,Apartment,6,1,6522373.41
1355,3,2,Chennai,Independent House,9,1,13753163.33
1673,4,1,Hyderabad,Independent House,8,2,15492957.81
971,3,3,Pune,Villa,1,2,12302740.92
1984,3,4,Salem,Independent House,15,1,10459699.95
1637,1,2,Trichy,Independent House,16,2,9161751.86
706,4,4,Hyderabad,Apartment,4,0,7210976.65
2584,5,3,Chennai,Villa,12,1,29121228.74
864,4,3,Trichy,Independent House,11,0,5526575.43
1045,2,1,Trichy,Independent House,9,1,6215102.29
2045,3,4,Tirunelveli,Villa,18,0,10276738.98
1380,5,2,Kochi,Apartment,20,0,8824084.59
2098,3,4,Kochi,Villa,17,0,16246319.16
945,5,3,Kochi,Apartment,16,1,6810560.52
1594,2,3,Salem,Apartment,20,2,5872121.83
1482,4,4,Kochi,Villa,5,1,13259659.01
2466,1,1,Bangalore,Villa,18,0,28523816.21
1910,2,1,Chennai,Apartment,2,0,16966011.92
2602,4,4,Hyderabad,Apartment,11,0,20962608.8
1707,3,1,Coimbatore,Apartment,12,0,11226845.74
757,4,3,Chennai,Independent House,16,0,8308123.21
1896,3,3,Pune,Villa,16,2,20351869.93
703,4,4,Hyderabad,Apartment,8,2,6810250.04
2360,2,2,Kochi,Villa,18,1,18721112.91
708,1,3,Madurai,Independent House,8,2,3991407.69
918,3,3,Kochi,Apartment,12,0,6414888.92
2926,3,4,Tirunelveli,Independent House,6,1,13241288.48
2255,2,3,Coimbatore,Villa,6,0,19971958.14
2289,2,3,Hyderabad,Independent House,3,1,21386874.79
2940,3,1,Hyderabad,Independent House,13,2,27107159.22
1459,1,4,Trichy,Independent House,11,1,9915747.41
1315,4,1,Hyderabad,Independent House,5,2,12997644.21
2220,4,2,Chennai,Independent House,4,1,22027434.35
2927,4,3,Tirunelveli,Villa,17,1,15914958.97
1719,1,3,Tirunelveli,Apartment,18,2,5482458.29
618,2,2,Pune,Independent House,17,1,6732443.69
1939,3,3,Hyderabad,Villa,9,2,20264571.66
2879,5,4,Madurai,Apartment,16,2,14725327.3
2052,4,2,Tirunelveli,Independent House,18,0,9009524.1
1216,3,1,Tirunelveli,Apartment,5,2,4660837.01
2002,4,1,Bangalore,Villa,7,0,23670844.41
1345,5,3,Trichy,Villa,5,0,10586610.6
679,2,4,Chennai,Apartment,10,2,6069884.02
1890,3,3,Tirunelveli,Villa,2,2,11300356.71
2587,5,3,Tirunelveli,Apartment,2,0,12412633.69
2417,5,4,Tirunelveli,Independent House,9,1,11793298.39
1589,1,3,Pune,Apartment,19,0,13544588.18
2943,1,1,Coimbatore,Villa,10,1,23866687.55
2761,4,1,Hyderabad,Villa,14,0,28462099.19
548,4,1,Kochi,Apartment,17,2,4263808.67
2328,3,3,Hyderabad,Apartment,9,2,18634740.32
1823,2,3,Tirunelveli,Independent House,0,1,8692441.49
2432,1,4,Coimbatore,Villa,4,2,22403800.2
2382,2,1,Bangalore,Independent House,6,1,25870621.78
723,2,4,Bangalore,Independent House,18,0,7621857.8
1517,3,3,Hyderabad,Apartment,3,1,12454714.31
2644,2,3,Trichy,Independent House,0,0,15776369.96
1625,2,3,Pune,Independent House,3,2,16778037.45
780,3,2,Madurai,Independent House,19,2,4733444.88
709,4,1,Madurai,Villa,9,0,5259802.9
2557,2,4,Hyderabad,Apartment,3,1,21280856.47
1188,3,2,Bangalore,Apartment,4,1,12078736.49
2802,4,2,Tirunelveli,Villa,7,0,14972477.91
758,4,3,Chennai,Apartment,12,2,7939930.8
2221,3,2,Hyderabad,Villa,13,0,22793877.26
1128,5,4,Kochi,Apartment,18,1,8174742.99
2578,2,1,Trichy,Villa,15,0,16929545.1
2320,4,4,Tirunelveli,Villa,12,1,12834760.25
1347,4,4,Salem,Apartment,5,2,7141958.7
1596,1,3,Bangalore,Apartment,12,1,13798362.75
1744,5,2,Kochi,Independent House,6,1,13371023.47
782,2,2,Trichy,Apartment,1,0,5034752.38
1447,1,2,Pune,Villa,2,1,16696360.76
1064,2,2,Tirunelveli,Villa,17,2,5590979.24
1035,4,1,Trichy,Independent House,0,0,7956711.28
1127,5,2,Chennai,Apartment,8,2,11056685.73
1459,4,1,Kochi,Villa,12,0,12415828.2
1981,3,4,Kochi,Independent House,3,2,14491417.33
2302,1,3,Salem,Villa,18,2,12522785.0
2944,2,3,Bangalore,Independent House,17,1,30336010.77
2862,3,4,Pune,Independent House,6,0,27363275.66
2392,2,1,Tirunelveli,Apartment,6,1,8669000.19
1635,4,1,Chennai,Independent House,15,1,16327344.85
2163,3,2,Madurai,Apartment,10,0,10189647.31
2057,2,1,Salem,Villa,3,2,12407271.5
1321,2,1,Pune,Apartment,16,2,10736285.37
2279,3,1,Chennai,Apartment,2,1,18966059.06
2503,2,3,Pune,Villa,8,2,27603835.89
1914,4,3,Trichy,Apartment,4,0,11084484.28
2579,2,3,Tirunelveli,Villa,16,0,12579825.94
2556,1,1,Chennai,Villa,17,1,26816837.08
2937,2,1,Salem,Independent House,14,0,13541719.05
1219,3,2,Chennai,Independent House,2,2,11925667.15
1373,5,2,Coimbatore,Villa,17,1,13005799.66
960,4,3,Salem,Apartment,13,0,4602679.78
1019,4,2,Trichy,Apartment,11,0,5695844.3
2800,1,2,Madurai,Villa,1,1,17075409.11
1079,1,3,Madurai,Villa,12,2,6597807.84
546,2,4,Salem,Independent House,17,0,2859422.86
1629,4,2,Bangalore,Villa,10,2,21301340.97
1977,3,1,Pune,Independent House,2,1,18933853.35
2088,3,4,Salem,Villa,16,1,12329204.41
1096,4,4,Pune,Villa,19,1,13207565.23
2513,2,3,Hyderabad,Apartment,7,1,20745422.5
1422,2,3,Kochi,Independent House,18,1,9597817.88
666,4,1,Tirunelveli,Apartment,0,2,3766079.61
1023,5,2,Pune,Independent House,20,0,10746505.54
632,5,4,Chennai,Villa,0,2,9305344.67
1297,2,4,Coimbatore,Apartment,12,2,7513972.01
2211,1,1,Chennai,Villa,5,1,24546117.96
2308,5,2,Salem,Villa,5,1,14101254.04
1273,2,3,Hyderabad,Villa,11,2,13960578.1
1100,5,1,Pune,Villa,8,1,13472309.36
750,1,3,Bangalore,Independent House,19,1,7485745.39
1203,1,3,Hyderabad,Independent House,2,1,11405452.71
1895,4,1,Pune,Apartment,2,2,16710173.94
2098,5,2,Chennai,Independent House,11,0,20057233.37
1816,5,4,Salem,Villa,15,2,11652194.88
528,3,4,Tirunelveli,Villa,14,2,3776140.74
798,2,1,Tirunelveli,Apartment,18,1,2686052.85
1857,1,4,Madurai,Villa,0,0,12565421.72
1916,5,1,Madurai,Villa,0,0,13314809.6
1540,3,4,Pune,Apartment,19,2,13261014.68
2849,5,1,Pune,Villa,20,2,31241898.64
1172,5,3,Coimbatore,Independent House,10,2,9744823.9
1116,3,3,Salem,Villa,1,2,6985551.8
840,5,4,Trichy,Apartment,5,1,6635267.88
2156,2,2,Salem,Villa,8,0,12076929.82
1420,1,3,Bangalore,Apartment,2,1,14190655.86
1728,1,3,Bangalore,Villa,2,0,21375833.05
711,4,4,Kochi,Villa,17,0,6843049.37
2124,4,1,Tirunelveli,Independent House,7,1,10073762.35
1303,1,3,Coimbatore,Independent House,4,1,10123560.66
1477,1,2,Salem,Villa,6,1,7792033.98
1602,1,1,Pune,Apartment,20,0,12362050.5
2733,5,4,Pune,Apartment,18,0,21699794.68
2273,1,3,Pune,Villa,7,1,24175726.45
2451,5,2,Salem,Apartment,16,2,11492029.49
1095,1,4,Bangalore,Villa,9,1,13201170.09
1358,2,1,Kochi,Apartment,16,2,8337392.4
1023,3,1,Kochi,Villa,20,1,7000229.12
1811,1,2,Trichy,Apartment,19,0,8945575.09
2503,1,3,Hyderabad,Independent House,0,0,22417489.65
2773,5,2,Hyderabad,Apartment,13,1,22292661.68
1490,5,2,Tirunelveli,Independent House,16,1,7867196.53
995,5,3,Kochi,Villa,19,1,7473086.34
2397,3,2,Kochi,Villa,20,2,18537267.29
2647,3,4,Chennai,Independent House,14,2,25270085.44
2445,4,2,Coimbatore,Independent House,19,2,18875949.0
558,2,3,Trichy,Villa,10,1,4154808.95
2665,2,3,Coimbatore,Villa,8,2,23171030.48
1434,4,3,Madurai,Apartment,6,0,8238373.32
1672,4,4,Madurai,Villa,11,1,12010606.55
1592,4,4,Pune,Apartment,13,0,14200896.4
2181,1,4,Bangalore,Villa,18,0,24826548.7
2773,3,4,Chennai,Independent House,3,0,27991811.79
2769,4,2,Chennai,Independent House,11,1,26541258.39
2918,3,2,Chennai,Villa,4,1,31730346.62
1055,4,1,Chennai,Villa,10,2,12711832.81
2430,2,3,Pune,Apartment,19,0,19767822.94
2665,5,1,Coimbatore,Villa,7,2,24173398.19
1492,1,2,Trichy,Apartment,7,2,7688473.22
2458,4,3,Bangalore,Villa,13,0,30078528.77
2013,2,4,Coimbatore,Villa,15,0,17485027.71
2914,2,2,Madurai,Independent House,19,2,15331437.16
1418,5,3,Kochi,Independent House,13,1,11981461.42
1564,5,2,Madurai,Villa,19,1,10537021.56
2666,3,4,Salem,Independent House,9,2,13638718.04
2241,1,4,Bangalore,Independent House,9,2,23889946.66
2392,1,2,Hyderabad,Independent House,10,1,21634410.45
1872,1,2,Coimbatore,Apartment,1,2,12399963.75
2991,1,3,Kochi,Apartment,5,2,18317452.92
2836,5,1,Chennai,Independent House,7,0,28538906.41
